{
  "model": "window_xgboost",
  "pool_method": "max",
  "train_windows": 245776,
  "valid_windows": 51424,
  "test_windows": 54587,
  "scale_pos_weight": 1.8334793636154023,
  "decision_threshold": 0.38,
  "threshold_selection": "configured",
  "valid_f1_at_threshold": 0.5330726222846842,
  "model_path": "D:\\STUDIES\\Studies\\7 FINAL YEAR PROJECT\\VULNERA\\03_TREE\\window_xgboost\\final\\window_xgboost_model.joblib",
  "valid": {
    "accuracy": 0.40560827629122587,
    "precision": 0.3701472272900844,
    "recall": 0.9521938441388343,
    "f1": 0.5330726222846842,
    "roc_auc": 0.5804972734814956,
    "avg_precision": 0.4081061449233739
  },
  "test": {
    "accuracy": 0.369868283657281,
    "precision": 0.32117101472961657,
    "recall": 0.9307874481941978,
    "f1": 0.4775588936648491,
    "roc_auc": 0.5877979314132555,
    "avg_precision": 0.3717314026930445
  },
  "hyperparameters": {
    "n_estimators": 1000,
    "max_depth": 8,
    "learning_rate": 0.01,
    "subsample": 0.7,
    "colsample_bytree": 0.9,
    "reg_lambda": 10.0,
    "min_child_weight": 1,
    "gamma": 0.0,
    "scale_pos_weight": 1.5,
    "decision_threshold": 0.26,
    "tree_method": "hist",
    "device": "cuda",
    "eval_metric": "logloss",
    "early_stopping_rounds": 50
  },
  "threshold_tuning": {
    "policy": "target_recall_with_min_precision",
    "valid": {
      "threshold": 0.38,
      "precision": 0.4040471214136424,
      "recall": 0.6962999345121152,
      "f1": 0.5113622700492966
    },
    "test": {
      "threshold": 0.38,
      "precision": 0.35534143016482833,
      "recall": 0.6790408525754884,
      "f1": 0.4665419192124639
    }
  }
}